{"clip":{"bodyPosition":{"x":0,"y":1,"z":0},"bodyRotation":{"x":0,"y":0,"z":0,"w":1},"muscles":[-1.0672161e-8,-6.3611094e-16,6.3611094e-16,-5.5495286e-7,2.6851825e-7,-1.2914859e-9,0,0,0,2.9369042e-7,-5.362765e-7,2.6918045e-7,5.2293626e-7,1.2148932e-7,3.683441e-7,0,0,0,0,0,0,0.5957687,-0.018923696,0.2105892,1.0025908,-0.13775763,-0.002854546,-0.020644147,-0.0000060816024,0.5957681,-0.01892539,0.2106165,1.0025909,-0.13777769,-0.0028554748,-0.020645387,-2.0029848e-12,3.415094e-7,-1.1383648e-7,0.39829093,0.3004907,-0.030618805,0.999798,0.03679788,-0.0025310651,0.00030608202,6.7851816e-15,-4.5534588e-7,0.39829168,0.3004914,-0.030611247,0.9997984,0.03679079,-0.0025303008,0.00030552692,-0.68517876,0.4567073,0.64590156,0.6459016,0.66896635,-0.40027583,0.8113421,0.81134295,0.66770303,-0.62352574,0.8111324,0.811132,0.6683899,-0.5698266,0.8116428,0.8116354,0.6692385,-0.44004643,0.8082721,0.8082728,-0.68401676,0.45769995,0.6457741,0.64577323,0.6689646,-0.40025005,0.81134063,0.81134117,0.6677078,-0.62352294,0.81113243,0.8111291,0.6683884,-0.5698764,0.81164306,0.8116342,0.66924673,-0.44011596,0.808278,0.8082771]}}